fact,answer,fold,samples,samples_scored,l_rep,predicted,label_unseen,behavioral_l
0004a59e-08f5-4597-a4f5-3f1d2620944e,Antarctica,0,1,1,1.0,Antarctica,False,0.0
002ccc7a-39c7-4225-826c-041d5f5ae344,Antarctica,4,1,1,1.0,Antarctica,False,0.0
009b44ff-878e-4bd6-bf2b-bd1396ece39e,Chinese,4,1,1,0.0,French,False,0.0
00b80c73-0bea-4a75-a2ba-846101b7b30a,Nottingham,2,1,1,0.0,French,False,0.0
015ae7aa-a1f3-471d-aae0-836275735683,Catalan,2,1,1,0.0,Malagasy,False,0.0
01ce6a94-1c4f-4664-8ef4-07d5dee525d9,defensive midfielder,1,1,1,1.0,midfielder,False,0.0
0255884b-7e4c-4103-a55c-30fb9b198ab9,Libya,0,1,1,0.0,BBC,False,0.0
02ed2027-16fc-41bb-ace4-6af660f5482c,ESPN,3,1,1,0.0,NBC,False,0.0
03161dc0-3d38-4457-ab4f-618bdd21fb2c,Antarctica,2,1,1,1.0,Antarctica,False,0.0
03ae08dd-26a4-43ce-a289-4f95021df1b7,Siemens AG,2,1,1,0.0,Microsoft,False,0.0
04011add-c9a6-48f4-9b83-c98b4521d425,Nottingham,0,1,1,0.0,Dublin,False,0.0
04ccefe0-50e6-41ec-8e3d-3c43a7e51e82,hunting,1,1,1,0.0,Italian,False,0.0
04ddde5e-7b37-4e26-b4e1-f9abd2cdb30e,English,0,1,1,1.0,English,False,0.0
05c96e03-d471-4074-b219-212ace5e466e,Helsinki,3,1,1,0.0,English,False,0.0
062ebb5b-1a6f-4e7c-8283-daa9b579efa7,Bremen,3,1,1,0.0,Bordeaux,False,0.0
08422523-29ad-4868-9096-4ef4d2f08768,Bratislava,2,1,1,0.0,Russia,False,0.0
088164db-617f-4fca-bd3f-4cc54a82da13,screenwriter,1,1,1,0.0,English,False,0.0
09d8adc3-fbd5-42e2-80d5-5fc4ae3cf978,Paris,1,1,1,0.0,French,False,0.0
0a98b831-9122-422a-8d15-324619e90aa3,Swedish,1,1,1,0.0,English,False,1.0
0bfcf9bf-2c3e-4cea-a452-89d7fed81720,French,3,1,1,1.0,French,False,0.0
0d14af5e-a808-478f-b3e7-06ef63c102bf,Saint Andrew,4,1,1,0.0,Russian,False,0.0
0de1fcb6-4d81-436c-860a-1614596f1d39,Welsh,2,1,1,0.0,English,False,0.0
0e95a2f8-d17f-4a0c-89a4-13c93950ce39,"Perth, Western Australia",1,1,1,0.0,Birmingham,False,0.0
0eeec9c6-6170-456d-8ccc-95d0aed5990d,actress,4,1,1,0.0,French,False,0.0
0fbcaf93-3804-47e2-b373-e73c2edc6afd,BBC,0,1,1,1.0,BBC,False,0.0
1032b5fe-8a31-442a-bae4-806521db9ccc,Nissan Motors,0,1,1,0.0,Nokia,False,1.0
10beb965-2564-45ac-b577-27c7906133ff,mayor,2,1,1,0.0,Archbishop,False,0.0
10cd791d-57f3-42c9-8dee-20a08556af42,Oxfordshire,4,1,1,0.0,"Perth, Western Australia",False,0.0
1128c9e5-0faf-453a-bba1-3e546a781b6c,Bangkok,0,1,1,0.0,Beirut,False,0.0
1141188b-9990-451c-b71d-f4e0fdae0ede,guitar,0,1,1,0.0,Italian,False,0.0
12c69ca8-9f05-4c83-9f53-e5ef30436c73,French,3,1,1,1.0,French,False,1.0
130c8b2e-92ff-45c5-a57a-6276297fc058,Wellington,0,1,1,0.0,Karachi,False,0.0
134e31cd-dd20-4e07-be46-fe13062bb01e,Microsoft,1,1,1,0.0,Apple Inc.,False,0.0
1411716a-c40c-4b3c-a3aa-d83788826fcf,Bonn,3,1,1,0.0,Fairchild,False,0.0
145f9691-e9b1-45b0-a751-698c469f8a7f,English,3,1,1,0.0,French,False,0.0
146a27ae-9dca-4309-9f9f-2eea5660fdfd,Canadian,3,1,1,0.0,English,False,0.0
14732080-bb8e-4327-955b-061c381d4ad1,Melbourne,0,1,1,0.0,Colchester,False,1.0
147c0536-821a-446a-973c-2dca3793de7c,"Jerome, Idaho",4,1,1,0.0,Pennsylvania,False,1.0
149c4076-ac53-4aa3-8b4d-2bd84519a099,Worcestershire,2,1,1,0.0,Antarctica,False,0.0
150e3f6c-456f-4d85-9dae-5d18ce63d2f3,accordionist,2,1,1,0.0,French,False,0.0
1549eb04-5b62-4190-91e7-e0052d0515aa,Dudley,2,1,1,0.0,Bologna,False,0.0
169ee8e1-5448-4dca-bad2-b06c9de559c7,Thessaloniki,0,1,1,0.0,Italian,False,1.0
17d062a2-f15f-4c9a-b245-94e4c1eb5568,Cadillac,3,1,1,0.0,Ferrari,False,1.0
18256181-cb70-47d0-b7fa-b6b03a5e1d55,Delhi,1,1,1,0.0,Islam,False,1.0
1834029a-ea82-4560-b7e7-3b41197c4af2,physiologist,1,1,1,0.0,jazz,False,0.0
18341c0d-3186-483c-ac4e-c05f97285cee,Dutch,3,1,1,0.0,French,False,0.0
1840131a-59fc-4e54-84de-9a745a030e14,defensive midfielder,4,1,1,1.0,midfielder,False,0.0
185f2219-bbb4-4a52-9687-ceccae5b926d,Ferrari,1,1,1,0.0,Cadillac,False,0.0
18c6ea4a-8bb2-4fa4-9130-2486b17db592,Manchester,0,1,1,0.0,Apple Inc.,False,0.0
196234c4-3ce8-4ec2-b033-6782011c7a0a,Syria,3,1,1,1.0,Syria,False,0.0
19a11ebd-9f98-4985-8090-7ff67364ff9e,"Brooklyn, New York",2,1,1,0.0,"Atlanta, Georgia",False,0.0
1ad90e57-fcf3-4c11-8d9c-90e42a251879,studio album,3,1,1,0.0,BBC,False,0.0
1b7812d1-3e88-44b8-99dc-8b1b5b1ef3c4,French,3,1,1,1.0,French,False,1.0
1c627f8e-0a7f-4f4c-8223-92e2a8da6931,French,2,1,1,1.0,French,False,1.0
1d09ad96-1661-4ccf-aec2-74e252c1d968,Milan,1,1,1,0.0,Italian,False,0.0
1d40a3f2-54fd-40cb-817c-9dcf80f9a9a8,"Indianapolis, Indiana",4,1,1,0.0,"Victoria, British Columbia",False,0.0
1d7ded51-09f7-4c04-a66b-79873b4d346a,Riga,0,1,1,0.0,Sofia,False,0.0
1e65ed40-48e2-415f-9889-8b8f0f6e69e2,catcher,3,1,1,0.0,jazz,False,0.0
1f295679-ee8d-4b8b-bd61-d52097aa68ba,Roman Catholic Cardinal,4,1,1,0.0,French,False,0.0
1f76fc8d-fa59-42d8-9a1d-3637fc578c1a,"Atari, Inc.",2,1,1,0.0,Microsoft,False,1.0
1fddad49-16f9-4d73-985a-30b74a5f6e0c,Apple Inc.,2,1,1,0.0,Microsoft,False,0.0
1ff0a6b0-b44e-4aa0-b217-818fa2de2d8f,Japan,4,1,1,0.0,CBS,False,1.0
2029ee6b-3dda-4016-81ec-26bf1acb3355,Swedish Idol,1,1,1,0.0,NBC,False,1.0
2033632f-ba0e-4beb-92ee-5d557838c592,English,0,1,1,0.0,French,False,0.0
21cf226d-8cf3-4a29-96e8-3eb27d2a1d55,Salisbury,3,1,1,0.0,"Brisbane, Australia",False,0.0
22c86836-bc19-4304-892a-b6339006e146,Telugu,4,1,1,0.0,Malayalam–language,False,0.0
2371db10-658c-47c2-973e-a49322ba31fc,English,2,1,1,1.0,English,False,0.0
2395f92e-05d0-45b7-84b9-7c7a2fbdd660,"Indianapolis, Indiana",0,1,1,0.0,Michigan,False,1.0
2420b0d9-c5d7-47bb-82ba-5f74c129b7e2,Germany,0,1,1,0.0,Switzerland,False,0.0
245f8bcb-a52b-4d52-b527-f417e70ebbcb,Antarctica,0,1,1,1.0,Antarctica,False,0.0
24c3c84d-3ca6-45d8-a957-ed0e336b9923,Queensland,4,1,1,0.0,Ontario,False,0.0
26dde209-6a24-48c0-8bf6-c8eca1b3f18e,Milan,1,1,1,0.0,Italian,False,0.0
26e3dd2f-e730-4c56-9971-0ebafb58de67,Antarctica,3,1,1,1.0,Antarctica,False,0.0
2780a04d-f36d-4a90-a1c2-8d82da7356f9,left winger,1,1,1,1.0,midfielder,False,1.0
28455540-59ae-497f-89ad-05eefb1a690d,Antarctica,4,1,1,1.0,Antarctica,False,1.0
284b9670-2581-44fd-92c9-f20a37622512,Sega,4,1,1,0.0,Apple Inc.,False,1.0
2918f582-ff35-4bab-869d-49ef3bff41f9,Italian,3,1,1,0.0,French,False,0.0
299f49a6-dbcb-4da2-b437-a4cfdcdc028f,Russian,3,1,1,0.0,NATO,False,0.0
29ad71c7-f290-4b97-a75b-6c6bbe31c5e1,Sofia,3,1,1,0.0,Russia,False,0.0
29d0e2c7-67c7-4ab8-a097-76508445e56c,"Montreal, Quebec",2,1,1,0.0,Toronto,False,0.0
2bff9aae-0fb2-40c6-bd4b-5e9fbfada1e9,jazz,0,1,1,0.0,French,False,0.0
2c780c0e-a9d1-4a45-a023-54ff17b4749e,"Lawrence, Massachusetts",4,1,1,0.0,"Sacramento, California",False,0.0
2cd733bb-3c9c-4782-bce9-72ed5cfa65cf,Granada,0,1,1,0.0,Vienna,False,1.0
2cd9af0e-78fc-46cf-8cec-b46d2cb89ddb,French,2,1,1,0.0,English,False,0.0
2d5b62d4-9e13-4fc1-a080-02078c1374c2,jazz,1,1,1,0.0,Danish,False,0.0
2e397825-6fc8-4ef5-8d16-6c8cd69c4114,Minnesota,4,1,1,0.0,"Pittsburgh, Pennsylvania",False,0.0
2e3ecfcb-5f3d-44bb-93f9-774a15579d42,sapling,0,1,1,0.0,Latin,False,1.0
2e5cef01-87b6-4abd-9f2d-b9368c325947,actress,0,1,1,1.0,actress,False,0.0
2f758adc-b197-4d5a-a93e-19436b8ce080,flour,2,1,1,0.0,bread,False,1.0
3096e768-0d9f-425f-9190-44d5d8e2593a,"Victoria, Australia",0,1,1,0.0,Canada,False,1.0
31790ac4-10eb-45f1-b68a-7f13e256750e,Australia,0,1,1,0.0,Kenya,False,0.0
31ecac67-6239-4682-99d4-baa570ae0738,Syria,2,1,1,1.0,Syria,False,0.0
31f751cd-9632-4802-89f6-b80e67b64cb2,Ipswich,2,1,1,0.0,Antarctica,False,1.0
31fdad62-c0fd-4d3b-964a-c7f4ff260bd4,flautist,3,1,1,0.0,jazz,False,0.0
3205895c-14cd-4516-8de8-e33e70ae9bc4,London,4,1,1,0.0,BBC,False,1.0
3252490a-0319-4c3f-9292-0eb70352062a,BBC,1,1,1,0.0,jazz,False,1.0
32f1b6e1-6ae0-4868-8401-c3b4f3b6b276,anthropologist,0,1,1,0.0,actor,False,0.0
334eed48-9b35-42d7-9082-75542bbb3067,quarterback,4,1,1,0.0,defensive midfielder,False,0.0
338980ca-295f-497d-b19e-87f9a7e76caa,bread,0,1,1,0.0,Italian,False,0.0
3398c5ec-068c-429b-b6bc-2d8cd167772e,NBC,2,1,1,1.0,NBC,False,0.0
33f92ed8-e9b3-4b89-a291-6027a843a740,French,3,1,1,1.0,French,False,0.0
345521ce-669c-4f2d-8881-549975bf67f8,Malagasy,3,1,1,0.0,Catalan,False,0.0
36ec690a-3450-4a7f-80eb-07577c33cc9f,Apple Inc.,2,1,1,1.0,Apple Inc.,False,1.0
3713369a-a6d0-455b-9142-fb39433abbbd,Montreal,1,1,1,0.0,French,False,0.0
379b8310-9cc8-4fec-b980-f8322242663c,French,1,1,1,0.0,Norwegian,False,0.0
384461ea-e14c-44f3-bccd-2b24561af0ab,bishop,3,1,1,0.0,French,False,0.0
38ac80c3-bbd0-483d-9de3-7279933e1b93,Texas,3,1,1,0.0,Canada,False,1.0
39621517-ecbb-41fe-bd80-d80c84dabec3,Italy,1,1,1,0.0,Archbishop,False,1.0
397c47da-f277-4d0d-9866-41d1d4b3ede3,topology,1,1,1,0.0,Buddhist,False,0.0
398a8fd9-2471-4c67-b8f3-ed71c195ad55,midfielder,4,1,1,1.0,midfielder,False,0.0
3a085760-6c8b-47fa-b2b3-26ff77f1fd6c,Indiana,0,1,1,0.0,Russia,False,0.0
3a2573c2-36bb-4dd9-a702-50b706539a97,Norwegian,3,1,1,0.0,French,False,0.0
3a45c971-ef98-463b-aa51-a1614f90c9ec,English,4,1,1,1.0,English,False,0.0
3b872e41-5b73-4add-b043-0608ddff1957,"Northwest, Washington, D.C.",2,1,1,0.0,Toronto,False,0.0
3bc5347d-e8f1-49e4-b176-cb3abcbc9cb8,Minneapolis,0,1,1,0.0,"Pittsburgh, Pennsylvania",False,0.0
3bd74c79-e7d3-4444-a083-1ada1dccd90e,Boston,2,1,1,0.0,Toronto,False,0.0
3c06eddd-f230-4d04-8040-5277d545567d,Jerusalem,1,1,1,0.0,Bergen,False,1.0
3c43a6db-1ca6-4946-8bcd-ff36e959bbe6,Dutch,4,1,1,0.0,French,False,0.0
3cfd66cc-9e04-4419-a7ea-393a13c489c7,"Carlisle, Cumbria",4,1,1,0.0,Toronto,False,0.0
3d8b855a-a427-4928-a09b-db884cccaa0a,diplomat,1,1,1,0.0,French,False,0.0
3d8eddb0-046f-4a4b-8507-5d8a45e5e860,Calcutta,0,1,1,0.0,London,False,0.0
3dbf6900-326f-4196-93d0-c1a52a2b0272,midfielder,4,1,1,1.0,midfielder,False,0.0
3dd2e544-c8ea-45da-8e2e-dc4f747b8e12,midfielder,0,1,1,1.0,midfielder,False,0.0
3e3bca08-eb8d-4810-b3d5-ac1cc7f9396d,Ontario,2,1,1,0.0,BBC,False,0.0
3ec534b0-61a0-43a3-a3d0-b4e28597cbd5,Munich,2,1,1,0.0,Paris,False,0.0
3ec7b5da-852f-4b33-8bb3-c30c4660a3c3,Guangzhou,0,1,1,0.0,California,False,0.0
3ee4e03c-498b-421b-8ce0-c4ba56ef0677,ESPN,2,1,1,0.0,jazz,False,0.0
3f2c0415-dd25-4a75-97d0-73708f7dd8df,Aragon,1,1,1,0.0,Cheshire,False,0.0
3f3a2470-9f21-4d26-84e0-aa7b75c859bb,Italian,4,1,1,1.0,Italian,False,1.0
3f80eb39-c2d2-45e3-9776-7be8058dcadb,Chevrolet,0,1,1,1.0,Chevrolet,False,0.0
3fdc2c88-d4a2-4048-b5a3-9c997f770eb2,Michigan,1,1,1,0.0,French,False,1.0
3fe6536b-b09a-4b1f-a6b2-e649362f757d,French,4,1,1,1.0,French,False,1.0
3ff14853-ee1e-48b3-8106-a2df1d1ca125,Bergen,4,1,1,0.0,Bremen,False,1.0
3ff4bb9c-dd92-4c8a-bdac-3928e9fb450b,Beijing,0,1,1,0.0,Barcelona,False,1.0
4054e3df-e21c-4baf-ba3c-baf1ea2160d7,Antarctica,3,1,1,1.0,Antarctica,False,0.0
413a1f3a-bf47-4b48-8f72-de24986a1526,"Detroit, Michigan",4,1,1,0.0,English,False,0.0
421c7a20-2c4d-4b61-a160-eee4239b71cb,French,0,1,1,1.0,French,False,0.0
428380ae-07d5-43ea-98fa-f94b81cd8e52,London,4,1,1,0.0,Paris,False,0.0
42ded509-e4dc-44fc-bb13-d931349aa1e2,English,3,1,1,1.0,English,False,0.0
434cd6df-500a-4217-813d-1bcf44903e85,Nissan,3,1,1,0.0,Russian-language,False,0.0
43b39f2d-fa12-4ca9-9afa-977cb8e00dda,Finnish,0,1,1,1.0,Finnish,False,1.0
43dc2393-7abc-431f-9e85-bd73c951f9ec,Russian Federation,0,1,1,1.0,Russia,False,1.0
448dabcc-1001-400a-a52c-dedf24d908c4,topology,4,1,1,1.0,topology,False,0.0
45646df6-173e-46a8-bab5-d4159af76499,Lyon,0,1,1,0.0,French,False,0.0
4577b9d2-6288-493b-9c01-9e777a377b44,pitcher,0,1,1,0.0,CBS,False,0.0
45c92a16-407d-48a8-a3b4-177968401529,Europe,4,1,1,0.0,Russian,False,0.0
46f718d1-352d-4b17-b1f4-fe46b0b7bfe9,Kabul province,0,1,1,0.0,Syria,False,0.0
4768f0b3-269e-416b-8a5d-297126a625a6,Canada,0,1,1,0.0,Archbishop,False,0.0
478ae898-8d7b-42c2-a595-e81e1d08cbaf,Kabul,0,1,1,0.0,Europe,False,0.0
47c79a58-a320-455a-a1a3-2813e0a098d3,Toronto,1,1,1,0.0,Worcestershire,False,0.0
486e7b62-16d9-4501-8150-98561e9b99d9,French,2,1,1,1.0,French,False,1.0
48cf0182-058f-4117-beb6-d2905098a4c1,Archbishop,4,1,1,1.0,Archbishop,False,0.0
48ff04eb-5e1e-422f-b14c-c5ba103fcd9f,Hungarian,1,1,1,0.0,French,False,1.0
493045ca-9f44-47eb-934a-fe2eeeed77a7,English,0,1,1,1.0,English,False,0.0
4978a677-f721-467d-85b3-b3338ea81e10,Microsoft,1,1,1,0.0,Nintendo,False,0.0
4b4d057b-0310-48e0-8c9e-e49b50e58109,Fairchild,2,1,1,0.0,Audi,False,1.0
4b8d0cce-07f7-4f11-a417-8dc0388adaed,Nissan Motors,0,1,1,0.0,Chevrolet,False,1.0
4b96a9cf-3f61-4910-838e-b85addee9943,Minsk,3,1,1,0.0,Russia,False,0.0
4bd35f11-2748-4460-82fc-684148964528,jazz,0,1,1,0.0,actor,False,0.0
4bdf1be5-47d2-4e1e-8944-1a40c814198b,Africa,1,1,1,0.0,Mauritius,False,1.0
4c6098ad-0022-41b9-9e91-9e8dded73b6f,poet,3,1,1,0.0,bishop,False,1.0
4d19284c-5694-4b13-adfb-72b465490eb3,BBC,1,1,1,1.0,BBC,False,1.0
4da9d55e-529d-4602-8b9d-96e6b61c972e,Antarctic,1,1,1,1.0,Antarctica,False,0.0
4df0fd72-a553-4c75-bf12-d7932d21ef72,Budapest,3,1,1,0.0,English,False,0.0
4df94d8d-5c48-474d-afa3-57229029dbf5,bishop,2,1,1,0.0,English,False,1.0
4e0d5a16-b96a-4fbf-81ec-5e5e8abe9659,Russia,1,1,1,0.0,Antarctica,False,1.0
4e257758-7af0-41ae-b607-cf855b35599a,Danish,2,1,1,0.0,Finnish,False,1.0
4e4474ca-7a48-49bf-88ae-a61486f0c4db,Amtrak,2,1,1,0.0,Canadian,False,0.0
4e781920-bc56-471f-b6ef-0b65be1f215a,Russia,0,1,1,1.0,Russia,False,0.0
4e7d3320-7e20-460f-9aa8-a0db8d8bcf99,Manchester,4,1,1,0.0,"London, England",False,0.0
4eed38ee-8c96-48e8-9075-c14c07355312,Decca Records,1,1,1,0.0,CBS,False,0.0
4f59efbd-453b-4377-8256-c1c59c0ffd73,abbot,2,1,1,0.0,bishop,False,0.0
4f91e3e6-935d-499b-8cbd-e22a97d11a3e,CBS,1,1,1,0.0,NBC,False,0.0
500970a2-0682-4dcc-b231-dc9f3bc6f8d0,"Nike, Inc.",1,1,1,0.0,catcher,False,0.0
50b08c5b-9ea2-4d8e-9f3d-8f5ede92048a,India,1,1,1,0.0,Bangalore,False,1.0
50b7e441-7020-4dd7-ba3f-321347073030,Spanish,2,1,1,0.0,French,False,0.0
50eb887e-ed25-418a-b472-4f731561aacb,IBM,2,1,1,0.0,Berlin,False,0.0
51038b2e-489f-4fcb-b401-f85419e9b6f5,"Miami, Florida",2,1,1,0.0,CBS,False,0.0
5105ec8e-2187-4d13-b3b3-8cc3968ed7d4,Dutch,2,1,1,0.0,French,False,1.0
51118870-a4e4-4878-9064-6d5e5460e09e,Hamburg,2,1,1,0.0,Chevrolet,False,1.0
51e71218-ab75-47a4-a715-350e473a4b53,Antarctica,2,1,1,1.0,Antarctica,False,0.0
51edf9cc-ff45-4a6f-a9e5-6e7bbd1c4aeb,Sarajevo,3,1,1,0.0,"Venice, Italy",False,0.0
51fec371-cd2c-46a0-b3de-983dc46bd505,French,2,1,1,1.0,French,False,0.0
525c575c-92fe-4fba-98b7-93304e258df6,Illinois,4,1,1,0.0,French,False,0.0
52e89e98-9185-467f-86e3-e1b3a10b43bf,Bremen,2,1,1,0.0,London,False,0.0
53383bac-8334-4e5a-8698-e00543b6f585,Volvo Cars,4,1,1,0.0,Chevrolet,False,1.0
5362da91-54ae-4f11-939c-60af0394d0d0,English,3,1,1,1.0,English,False,0.0
53b00256-2bfe-483d-9df1-9b3086b37bf5,Kenya,4,1,1,0.0,Antarctica,False,0.0
54521b20-3462-4321-9dd9-b33a7d2c26d9,"Savannah, Georgia",0,1,1,0.0,"Pittsburgh, Pennsylvania",False,0.0
545a7124-bbb4-4ea5-8f75-eed063a0668a,Archbishop,1,1,1,1.0,Archbishop,False,0.0
54d63cc2-f18e-4e66-9f9d-fc1f0706e100,Ukrainian,1,1,1,0.0,Russian,False,1.0
550fa0eb-02ca-4480-a580-7bb283cd19ef,Parma,4,1,1,0.0,Milan,False,0.0
554c9a0f-74d4-497a-8e17-2a0cb373497a,Bangalore,3,1,1,0.0,"Punjab, India",False,1.0
5570b2ba-1e23-4ec8-b1f8-c5687789190e,"Burlington, Ontario",3,1,1,0.0,Toronto,False,0.0
559391ff-25e0-4ae4-b02c-eea227215bfa,Archbishop,4,1,1,1.0,Archbishop,False,1.0
55a9aaf7-cf62-4ff7-98b1-c1ed64df664c,Nintendo,3,1,1,0.0,Microsoft,False,0.0
5690bd63-d7e7-4efc-bcf3-e5f272f22c72,Albania,4,1,1,0.0,Syria,False,1.0
56dc829c-24cf-480e-aff1-cfde3b1f9369,French,2,1,1,0.0,English,False,0.0
57457854-5831-459b-91a1-add56a6b9c74,Aberdeen,1,1,1,0.0,Antarctica,False,1.0
5794adf9-e92f-4897-a543-f6d3c1c70acf,central midfielder,4,1,1,1.0,midfielder,False,0.0
57fdba4e-85cb-482f-97e5-c5e430648561,Croatian,2,1,1,0.0,Manchester,False,0.0
582b4d6b-043e-4ac2-966b-6e8049ba7e36,NBC,0,1,1,1.0,NBC,False,0.0
58a90b2b-f6c9-4f28-adf4-4bcb6eaa595d,Belgian,3,1,1,0.0,Spanish,False,0.0
58b6b0c8-bb6f-446e-b35a-28be07c94afd,Colchester,3,1,1,0.0,"Wellington, New Zealand",False,0.0
594e1dbb-2f01-40c9-b459-fac4a9cd588e,Java island,3,1,1,0.0,Antarctica,False,0.0
596d10a0-89c1-4d49-bc18-5b7dbeafde64,French,4,1,1,1.0,French,False,0.0
59c3899a-183b-49ce-bb0f-c54a01dd6f04,French,1,1,1,1.0,French,False,1.0
5a020b9a-7a1b-4b9c-ba00-ff19e0b4758c,Rotterdam,0,1,1,1.0,Rotterdam,False,0.0
5a598fdd-8fe0-4da4-9e97-f10539ba6e74,Square Co.,2,1,1,0.0,Microsoft,False,0.0
5a6d2421-e3bd-4739-a6a5-2faf1757c994,Apple Inc.,3,1,1,1.0,Apple Inc.,False,1.0
5a7f972a-5c54-49b6-90dd-caee65688443,mathematics,4,1,1,0.0,English,False,1.0
5afcabf6-b05a-4ce8-9cb6-d6d6b78effed,English,0,1,1,1.0,English,False,0.0
5b51bfc1-f0ff-4ee7-b5a2-f78285b693d4,actor,2,1,1,0.0,French,False,0.0
5b7a9bf1-bbc3-4f5a-8b00-0f2f31e6c749,Kerala,3,1,1,0.0,Gujarat,False,1.0
5bbcf9e5-8818-4fe1-ae77-a5f04ee4d21b,fiddle,3,1,1,0.0,Italian,False,1.0
5c31c586-ad2c-4612-bf3b-c77ffabf9647,Sofia,0,1,1,0.0,Paris,False,0.0
5c5491f5-12cc-41e5-8304-cb8efa8bc4dd,Canadian,0,1,1,0.0,French,False,0.0
5c872e79-acdf-4eb1-af74-76dc1156b4ed,midfielder,3,1,1,1.0,midfielder,False,0.0
5c8aae3b-f13d-4d42-9252-5937ea774c80,Karachi,2,1,1,0.0,Sofia,False,0.0
5cfe6347-170e-4aa0-825d-6b5fcb5e6912,Hamburg,2,1,1,0.0,Manchester,False,0.0
5d86a20e-12f3-4e17-a8b9-9f9d7d8a32fe,French,0,1,1,1.0,French,False,0.0
5dbd1903-c9aa-4114-9793-f902e39c9885,"Naples, Italy",2,1,1,0.0,Milan,False,0.0
5dbed17b-2db8-4d97-9bf8-a7f78f6e290b,Canadian,2,1,1,0.0,English,False,0.0
5e65c98f-56ec-4f8d-940b-293ad164b1b1,Denmark,0,1,1,0.0,English,False,0.0
5ead2096-7737-45e6-93c0-6ced09081bb7,Nickelodeon,2,1,1,0.0,CBS,False,0.0
5ef36fd0-ea9b-48e2-bbce-3976b2f80116,piano,1,1,1,0.0,jazz,False,0.0
5f0dde2a-6e81-4a7b-b6b3-15a8006a90c4,London,4,1,1,0.0,Edmonton,False,0.0
6026137c-dd18-47cf-990e-a14e37f3e61a,Norwegian,1,1,1,0.0,English,False,0.0
60a18e68-c630-4ae4-9da6-344096fd8222,Russian,3,1,1,0.0,Europe,False,1.0
60f025f5-b304-4adc-a3be-cb4823f4d584,Moroccan,4,1,1,0.0,French,False,0.0
6157f8bf-e078-4cf8-8d1e-2a928ff8d7fc,accordionist,2,1,1,0.0,jazz,False,0.0
616af73b-6ec8-4609-bc27-336b76388526,bishop,4,1,1,1.0,bishop,False,0.0
62257e0d-751f-4e16-a6eb-0b8bc67c0f8c,Italian,4,1,1,0.0,English,False,0.0
62cad599-d281-4e6c-a433-4ab978454928,opera,3,1,1,1.0,opera,False,0.0
6386a036-a3d8-410e-b6b3-c28feb2c2db5,Barcelona,2,1,1,0.0,Stockholm,False,0.0
6397826d-822c-4f2e-8dc1-807ebf5becbe,French,4,1,1,1.0,French,False,1.0
64615e21-3227-4c34-af27-b3bb3de5e8b1,EMI,2,1,1,0.0,Tamla,False,0.0
64b2e548-0965-4242-87db-4911fa49ed6c,French-language,3,1,1,0.0,English,False,0.0
65dc8377-8486-4ab9-9b52-89589c2ac837,hotel,1,1,1,0.0,French,False,1.0
669f6b96-49c8-420c-abd4-1a09dec35c26,Italian,2,1,1,0.0,French,False,1.0
66f23033-4936-4009-8cc3-945a9d70982a,Malayalam–language,0,1,1,0.0,Thai-language,False,0.0
67aa3668-e3f0-4986-9092-a9a3902cd854,bishop,2,1,1,0.0,English,False,0.0
68136cec-2f99-454f-a2a2-5f7925cc54a5,"Edmonton, Alberta",1,1,1,0.0,"Pittsburgh, Pennsylvania",False,0.0
6866160c-3994-462d-aebd-45925461238f,Chinese,0,1,1,0.0,French,False,0.0
68ef803c-65df-4295-8646-09fd1fc19945,"Venice, Italy",1,1,1,0.0,Utrecht,False,1.0
692c868a-465e-4578-96b7-583aeb420cbb,Nokia,4,1,1,0.0,Apple Inc.,False,1.0
6953a051-a1f7-4088-a375-1fe79895d097,Ireland,1,1,1,0.0,"Austin, TX",False,0.0
69802844-51e8-43b0-a70d-5c73a949248f,Polish,4,1,1,0.0,French,False,1.0
6a8327b5-6c3f-4d28-9019-ee96c11757e5,French,1,1,1,1.0,French,False,1.0
6a877922-a51c-4304-9d5c-acfc281d3c3c,Microsoft,2,1,1,1.0,Microsoft,False,1.0
6b35f8b3-7763-4110-b2d1-c18e107a4dd4,Augsburg,0,1,1,0.0,Prague,False,0.0
6cd36a17-31ec-4cf1-b9d5-6180ba25e8bb,Nuernberg,4,1,1,0.0,Vienna,False,0.0
6cee606b-6685-467c-8b67-cfabd81bf6dc,physiologist,2,1,1,0.0,jazz,False,0.0
6d08b938-e74c-4006-9c54-b0028348c9d4,Rotterdam,2,1,1,0.0,Russia,False,0.0
6da01fb6-1a24-4a10-bc29-7d8da3bf9509,Johannesburg,4,1,1,0.0,"Perth, Western Australia",False,0.0
6da8204b-1964-4b2a-9b29-4d7e668daa29,"Atlanta, Georgia",4,1,1,0.0,English,False,0.0
6daa4b54-349d-42cd-829f-d5c28a9678c3,BBC,0,1,1,1.0,BBC,False,1.0
6dd6995a-bca5-46b0-ae6f-afbbc22991f9,Damascus,3,1,1,0.0,Russia,False,1.0
6e34512a-faf8-4cf8-bfba-8205271fdc90,bishop,4,1,1,1.0,bishop,False,1.0
6eb1ef46-de09-4d23-bd65-0420c7bef5a1,London,3,1,1,0.0,Russia,False,0.0
6f4784a4-0527-42d1-b5af-e0dd3504bae0,Audi,1,1,1,0.0,Nissan Motors,False,1.0
6f6a5ac5-f89e-4042-a1d5-9bde6a053fb9,Finnish,0,1,1,1.0,Finnish,False,0.0
6fdbe372-9ce5-4d04-ad6f-7d5c43dc357e,French,0,1,1,1.0,French,False,0.0
6feb54d9-2e6d-4327-b22d-93c8b1599166,actor,1,1,1,0.0,jazz,False,0.0
70594d31-710a-4f29-a6ae-4b9ccd838196,jazz,3,1,1,0.0,English,False,0.0
7082e5f5-ec5c-42b1-af4a-82850bb9b4de,Bristol,4,1,1,0.0,"Victoria, Australia",False,0.0
70d670a3-c3a7-4c91-8744-12d1bd5dc0bc,French,0,1,1,1.0,French,False,0.0
70fc07b8-8642-4218-bf5a-987ca8998fa1,Luxembourg,2,1,1,0.0,Russia,False,0.0
71947001-eae5-444d-97a6-a44cddd8be7f,"Boston, Massachusetts",0,1,1,0.0,Bologna,False,0.0
71bd1e17-c052-4a92-a60a-f1b84b3833fe,Italian,1,1,1,0.0,French,False,1.0
72945197-41f0-4b13-9bdc-04478e54e002,Middleton,4,1,1,0.0,Chester,False,0.0
734a55fd-a340-45c4-ba9e-a38d89c2b0ff,"Norwich, England",0,1,1,0.0,"London, England",False,1.0
73825783-d45d-4f2a-9178-1a04cb610f2d,Bordeaux,1,1,1,0.0,Bremen,False,0.0
739537ec-e04d-4483-9705-027476a0ea11,Basel,4,1,1,0.0,Bremen,False,0.0
749aae17-3e0e-4c41-9a51-657674b5543d,Finnish,3,1,1,1.0,Finnish,False,0.0
7512a919-3e18-4ae9-8e85-fd2fc9bce0c3,jazz,3,1,1,0.0,English,False,0.0
75231305-0015-40af-8839-14db02fe4d8d,NBC,0,1,1,0.0,CBS,False,0.0
75ee6df5-c0cd-428a-bfba-b2fb759b8608,"Edmonton, Alberta",1,1,1,0.0,London,False,0.0
77ac13a7-c0f8-478c-b1ce-a93bcfa486aa,French,1,1,1,1.0,French,False,1.0
77efbee6-10ad-4641-a8a5-c571535931c0,banjo,0,1,1,0.0,defensive midfielder,False,0.0
78117ce8-a74d-4e6a-aa52-e3e2219c9875,Stockholm,4,1,1,0.0,Helsinki,False,0.0
784345de-f16c-495a-8a89-1fac2e545171,Swedish idol series,1,1,1,0.0,NBC,False,0.0
784440c9-9856-4da8-9e5d-f4d302a5e716,Toyota,3,1,1,0.0,Audi,False,0.0
78542c47-6875-4aad-bca6-dbd876d69af5,Serbia,0,1,1,0.0,Italian,False,1.0
78549aad-7ec6-46cb-9693-40aca7e9b797,"Parsons, West Virginia",4,1,1,0.0,Japan,False,0.0
785b31aa-f3ba-4902-9bda-8ef8bf232fa6,Glasgow,0,1,1,0.0,French,False,0.0
7b65ccfb-5acd-4e08-8bfa-86f9a57f131f,Chile,2,1,1,0.0,Italian,False,0.0
7bbc010e-8c1f-4bbe-b1c6-48be68a9e65d,jazz,3,1,1,1.0,jazz,False,1.0
7bc9245a-dfd6-4a64-bc23-0123ce453236,NBC,3,1,1,1.0,NBC,False,0.0
7c01fca8-7954-439d-84f2-03d0cb16b504,jazz,3,1,1,1.0,jazz,False,1.0
7c2d7ea8-cfc7-4a02-99b6-6b22c4931173,IBM,1,1,1,0.0,"Indianapolis, Indiana",False,0.0
7cff08e7-179b-4abe-b33b-739dbab802cb,Oslo,2,1,1,0.0,"Brest, France",False,1.0
7d8a0624-34d2-4c09-9496-05e4417cb51a,"London, England",3,1,1,0.0,Prague,False,0.0
7d915715-bed2-4f16-8ad3-bd750ea90a0b,"Austin, TX",0,1,1,0.0,"London, England",False,0.0
7e2a9b9d-61a8-4783-9eb3-2605bae8d4b5,CBS,2,1,1,1.0,CBS,False,0.0
7e6f2e08-3a5f-4d7d-bd37-65084089beab,French,0,1,1,1.0,French,False,1.0
7f130e2b-70db-4d52-b6d9-9582731e4fd4,Pakistan,0,1,1,0.0,Canada,False,1.0
7f488738-d192-42e0-a561-9644d54982d3,Venezuela,3,1,1,0.0,Antarctica,False,0.0
7f7789da-0a74-44c3-9b65-b73258f52015,BBC,1,1,1,0.0,NBC,False,1.0
7f9363ac-384f-4282-9d16-969ee4e8a685,"Ottawa, Ontario",2,1,1,0.0,Hamburg,False,0.0
7ff95bee-f860-4d88-af5a-2f3e472f04d2,Porto,0,1,1,0.0,Milan,False,1.0
8035b87f-42fc-408b-85ad-b5a46060deeb,Dublin,1,1,1,0.0,Blackpool,False,0.0
81d980c5-ae3c-4bb4-b11f-7c3c0419f6ef,"Seattle, Washington",0,1,1,0.0,Coventry,False,0.0
82133c5b-a211-491d-b3e6-6e43f2ea3ca8,French,3,1,1,1.0,French,False,0.0
823aeb20-51ef-41d0-9b70-cc96b46d0ba2,Apple Inc.,4,1,1,1.0,Apple Inc.,False,1.0
82d39589-8e4f-44f8-ab66-e0558e70269c,Helsinki,1,1,1,0.0,Stockholm,False,0.0
83383059-6d9a-4e49-9444-5c9c41708ee4,Stockholm,4,1,1,0.0,"Northwest, Washington, D.C.",False,0.0
83944723-18fa-4be6-b3bd-6809026d99bb,Toronto,4,1,1,0.0,Dublin,False,1.0
83b4701a-0028-4fa6-91b5-a924d40d883c,BBC,3,1,1,0.0,bishop,False,0.0
83fb0811-6df7-4350-a65e-9a5f98a56279,Tamla,1,1,1,0.0,CBS,False,0.0
8435baf0-6827-49c2-a499-781a31c5bba5,Renault,1,1,1,0.0,NBC,False,1.0
84390d40-9d22-44cc-bae5-13bd7dd304eb,saxophonist,4,1,1,0.0,guitar,False,0.0
843e3243-0eda-43f1-a8b3-b03fac90a05f,English,0,1,1,1.0,English,False,0.0
849550ee-dd6a-4e4f-9d03-5975ba34a1f9,Canada,1,1,1,0.0,Pakistan,False,0.0
84c936e1-cb4c-45f3-9b80-c761b4bdbb6f,Texas,1,1,1,0.0,Antarctica,False,0.0
850d071d-a7ef-45db-b724-7c2cb1f58fcb,Prague,4,1,1,0.0,Florence,False,0.0
85241657-c87c-46c5-b626-c14fa8a6917f,Italian,3,1,1,0.0,English,False,0.0
854e0b90-810c-4125-b69c-0d4e56916083,CBS,3,1,1,1.0,CBS,False,0.0
85861498-a24d-4bf9-bdd4-fcfe9976e949,reggae,3,1,1,0.0,English,False,0.0
860ae0f0-2e9b-4aa6-8faf-754370645892,Antarctica,2,1,1,1.0,Antarctica,False,0.0
867237c6-77b3-41e4-adb3-64d52ef3402c,Canada,4,1,1,0.0,Quebec,False,1.0
868dc0ff-587b-4a63-a857-b598c800ea0a,Google,2,1,1,0.0,Amazon.com,False,1.0
86b68e2a-37bc-4e01-a15b-68cd4f60611b,London,2,1,1,0.0,English,False,1.0
87ce00f1-64ff-40f9-b466-41b56f61d3e3,Vienna,2,1,1,0.0,Rotterdam,False,0.0
87dd0a96-7567-40bb-bed9-9e6c74ee8e7f,pitcher,4,1,1,0.0,midfielder,False,0.0
8876fc27-83e7-4ef7-8de7-50086e2865cc,journalist,0,1,1,0.0,English,False,0.0
888d4df5-40d9-445c-a0f5-45c31416d387,Danish,0,1,1,0.0,English,False,0.0
889d1f2e-0819-4eb2-bf34-63cba3ec4982,NATO,1,1,1,0.0,Russian,False,0.0
88bd0233-7e78-441d-a1f2-0d067f36ea34,Berlin,3,1,1,0.0,Australia,False,0.0
88c33eab-fe82-4f18-9683-52feef92a1d1,"Pittsburgh, Pennsylvania",3,1,1,1.0,Pittsburgh,False,0.0
89bc2550-a7bf-4973-b21e-25f8aa1e8139,Chester,2,1,1,0.0,Islam,False,0.0
8a011f94-4944-4395-b7d6-e5f24468ecb5,Sweden,3,1,1,0.0,"Norwich, England",False,1.0
8a246f34-2f07-4a69-86f7-0f067cf317b0,Frigate,3,1,1,0.0,Audi,False,0.0
8a484615-b298-4b75-b9dc-dffc15353655,French,4,1,1,1.0,French,False,1.0
8abb1168-2393-4589-aeb2-fa0a2d7c21cc,Amazon.com,3,1,1,0.0,Microsoft,False,1.0
8ac3bca7-f903-4220-b010-29180d14d2fc,Italian,4,1,1,1.0,Italian,False,0.0
8ad8af8f-db35-43d5-951c-cb149130db93,Dutch,2,1,1,0.0,French,False,0.0
8b38f5a0-73e5-420b-9172-c98e75831507,actress,3,1,1,0.0,jazz,False,0.0
8b5fbae2-c740-43b4-8876-39d56c5c2116,Berlin,3,1,1,0.0,Audi,False,0.0
8ba0c39c-de76-4a09-b7bd-ffd87ddc9e39,actor,2,1,1,0.0,English,False,0.0
8bb950c4-2367-4fe2-9a2a-0340386cef84,Antarctica,4,1,1,1.0,Antarctica,False,0.0
8c38c689-a5bb-4557-8b47-606f68477a66,Russia,1,1,1,1.0,Russia,False,0.0
8c3c398b-8eef-4eae-89fd-ad392efcab9d,Wehrmacht,0,1,1,0.0,French,False,0.0
8c69b3bb-0bad-44b5-b1d8-851383a97f4e,"Alexandria, Egypt",3,1,1,0.0,French,False,0.0
8ce5b3e9-a7b4-44fc-ba12-a62bee9ad198,saxophonist,0,1,1,0.0,jazz,False,0.0
8cedf432-f7bd-4207-9254-16ee4b2d4619,Hanover,1,1,1,0.0,Hamburg,False,0.0
8db607ac-17b1-4e77-8003-30650a6951b3,river,0,1,1,0.0,Africa,False,1.0
8dd6e993-a4d6-48e6-803b-5efcc10b2f2b,"Columbia, South Carolina",3,1,1,0.0,London,False,0.0
8dd7d852-d97c-4566-8b57-304c0e64a872,French,2,1,1,1.0,French,False,0.0
8e3f6d91-f351-4c58-b924-645de00f4ae7,Toronto,1,1,1,0.0,"Montreal, Quebec",False,0.0
8fbce334-e643-42b7-9d30-1b8bf4bfcfaa,Vienna,1,1,1,0.0,Nuernberg,False,0.0
900c0d1d-51f9-4ae2-906b-f24091a1c6ea,"Seattle, Washington",0,1,1,0.0,"Homestead, Pennsylvania",False,0.0
9124e36c-8a10-4d04-86bc-b51742c3daac,French,4,1,1,1.0,French,False,0.0
91888cd5-e484-4775-8c41-2ffdce1e148a,guitar,1,1,1,0.0,banjo,False,1.0
919e129e-61f0-4bc7-9cd5-3c9f7570e708,trombone,0,1,1,0.0,accordionist,False,0.0
91b6f106-9113-4397-ac26-0abc3fdef7f8,Atlanta,1,1,1,0.0,jazz,False,0.0
93805ec2-0442-429b-bdf2-20525df4348e,NBC,2,1,1,1.0,NBC,False,0.0
93b87f66-5fbf-4190-9d52-2ac0ce22ecb7,"Sydney, Australia",1,1,1,0.0,"Ottawa, Ontario",False,0.0
940f09a7-4a0b-482b-8041-bbbc03467216,Bali,3,1,1,0.0,Vienna,False,0.0
941d972d-fd67-4c08-85b5-4f0b9083d81a,French,1,1,1,1.0,French,False,0.0
944cbe5e-8875-4137-8e6f-9c4cfc80b0b6,Blackpool,3,1,1,0.0,Antarctica,False,0.0
95600ec7-9579-40d7-a259-fadbbc1b5fc7,"Vancouver, Canada",2,1,1,0.0,Rotterdam,False,0.0
962bdc20-e3bf-43dd-a844-fb6f4265518e,Switzerland,3,1,1,0.0,Antarctica,False,1.0
964fac10-d0f3-4466-8661-b0bbe9e9fcac,French,3,1,1,1.0,French,False,1.0
96767a38-691e-44c8-b2c4-c386668b3471,Archbishop,3,1,1,1.0,Archbishop,False,1.0
96db4b6c-5a9a-46bc-98b1-a42b430ea5f4,Philadelphia,2,1,1,0.0,"Brisbane, Australia",False,0.0
97c86416-6efd-4ee5-8247-be51a3b1b76c,"Sydney, Australia",4,1,1,0.0,NBC,False,1.0
9904283c-60ee-45d5-8283-f2cdde18e8dc,Nickelodeon,3,1,1,0.0,NBC,False,0.0
992f6b5d-d64f-4987-a78e-56c7278c6269,actor,4,1,1,0.0,French,False,0.0
99844e5a-942e-45c2-8033-3e4782f8c5ab,toll road,1,1,1,0.0,"Indianapolis, Indiana",False,0.0
9a059b56-b2bf-41b6-a686-697c70de6a1c,Decca,0,1,1,0.0,CBS,False,0.0
9a53e1ca-eaa4-4c6d-991a-fdf03bf1e14a,"Brest, France",1,1,1,0.0,Lyon,False,1.0
9a87fca2-fc15-4a50-a27e-aada5876ca63,Singapore,2,1,1,0.0,Antarctica,False,0.0
9a8c56d4-c455-49f2-b740-9313791cca85,shahanshah,1,1,1,0.0,French,False,0.0
9c31c98d-8e5e-4caa-b8d3-9cea4c19e411,Antarctica,1,1,1,1.0,Antarctica,False,1.0
9c77389f-3326-40c3-bf3e-85023b2f8a19,sociologist,2,1,1,0.0,French,False,0.0
9cca3def-e496-406e-b8e4-663ab5493368,French,0,1,1,1.0,French,False,1.0
9d3d9112-9a36-4d79-832e-35d6e32711f8,Packard Motor Car Company,2,1,1,0.0,Chevrolet,False,1.0
9db33012-ae8b-4e19-94d4-c1aaa5054452,French,4,1,1,1.0,French,False,1.0
9dea8e84-3cdc-46cc-9731-71dd2082528e,Islam,0,1,1,0.0,"Franklin, Tennessee",False,1.0
9e14b06b-370c-480e-90cb-3336eeb0b8a4,Nickelodeon,4,1,1,0.0,CBS,False,0.0
9e2f04d9-5f0a-497c-9c31-154e52b03104,Pennsylvania,2,1,1,0.0,Antarctica,False,0.0
9fa4c257-1c76-4df1-a8bd-84f96f6a2a78,Beirut,0,1,1,0.0,Paris,False,0.0
a11a2165-2294-4d8f-bb68-0e7e043703b5,Antarctica,0,1,1,1.0,Antarctica,False,1.0
a126daa7-c2a8-471f-a231-b5a9df389233,Antarctica,3,1,1,1.0,Antarctica,False,1.0
a2a2ca88-369a-4f0d-9ed5-72d102d9b816,Finnish,4,1,1,1.0,Finnish,False,0.0
a2a537e4-7824-4746-b52e-3a5172ad3793,Switzerland,3,1,1,0.0,manga,False,0.0
a343df01-0d06-4de3-be19-4b710ea64351,Lille,0,1,1,0.0,French,False,1.0
a515049c-ca49-4449-b266-ccd00b4f984e,Istanbul,0,1,1,0.0,Syria,False,1.0
a5b09710-c38a-4510-ad29-e7a6b51227ad,Turin,1,1,1,0.0,Paris,False,0.0
a67c8598-c925-4656-8a82-83f2fee7022a,Apple Inc.,2,1,1,0.0,Nokia,False,0.0
a6be7db2-b86d-4538-a9ac-bf48b5ac5a96,quarterback,3,1,1,0.0,midfielder,False,0.0
a727468b-385d-4d58-a93a-837f338e38db,"Aden, Yemen",2,1,1,0.0,Beirut,False,0.0
a73e5d6c-581b-44fc-a42d-ef1411892873,fiddle,1,1,1,0.0,French,False,0.0
a7be0221-90f5-4bd8-b147-4daafb1f7587,composer,2,1,1,0.0,English,False,0.0
a8a53b33-f548-4d06-bcef-2a1df4f247c6,French,4,1,1,1.0,French,False,0.0
a94a622e-570d-4312-8957-c99d4690aef8,Mecca,3,1,1,0.0,Indiana,False,0.0
ab183a0e-08c4-4dd1-bcb5-843fa31330f7,Istanbul,2,1,1,0.0,English,False,0.0
ab548acf-7733-4a90-8c06-09a63fc87f0c,"Victoria, Australia",2,1,1,0.0,Antarctica,False,0.0
ab555b7c-b281-403d-9ddb-c11309c99f00,French,1,1,1,1.0,French,False,1.0
abcdd6d8-3b6b-4a5e-8140-c7c1d6fb464c,Toronto,2,1,1,0.0,"Burlington, Ontario",False,0.0
ad21aae6-efd7-4bd9-be71-21ad0279b6e8,French,4,1,1,1.0,French,False,0.0
ad555f68-f46f-4620-97e9-b9d73eb44d94,"Perth, Western Australia",1,1,1,0.0,French,False,0.0
adfb8833-c68d-4fe3-80cc-3481d76eac34,Ontario,3,1,1,0.0,Antarctica,False,1.0
ae401f55-2fa3-4f5d-a97a-8ada6df232dc,Cardiff,2,1,1,0.0,Australia,False,0.0
ae53cbee-d9b6-4e19-aa11-cba6be4bfb56,Riga,2,1,1,0.0,Helsinki,False,0.0
ae6dd874-f04a-445a-b5c9-c6e2067026c3,Stockholm,1,1,1,0.0,Beijing,False,0.0
aeb6c788-0400-4462-bdcd-ede2ad770df2,Bonn,1,1,1,0.0,London,False,0.0
af036e4b-a4a8-4b42-8963-7d2bdefea984,French,3,1,1,0.0,jazz,False,0.0
af8bfc31-0504-4f40-85ce-893cacd938fe,NBC,0,1,1,0.0,CBS,False,0.0
b1a9a74f-932f-4b56-8be4-c48a727c78f6,Czech,2,1,1,0.0,English,False,0.0
b1b0df10-41aa-4320-9fd1-4e19de5dfe38,Albanian,2,1,1,0.0,Finnish,False,0.0
b1f3957f-3b1c-4f1c-adaf-c97e000ab0ac,Moscow,0,1,1,0.0,Edmonton,False,0.0
b256f3dd-0613-45e9-8d1d-4c3cf3156e56,Moscow,0,1,1,0.0,Archbishop,False,0.0
b39e96a0-ef2b-4844-b382-74541d77ebb9,Guinea,1,1,1,0.0,Syria,False,0.0
b41d42c3-cc77-4a1d-a2a2-42473353154b,Japan,1,1,1,0.0,Antarctica,False,0.0
b49f910e-b586-41ee-aca0-453440dd27a7,NBC,4,1,1,0.0,CBS,False,0.0
b4d406cf-4840-46f5-bf40-feff8959e352,MTV,2,1,1,0.0,Nickelodeon,False,0.0
b4dc5b10-047e-4c51-bb4e-a6b0d1b53114,Roman Catholic Cardinal,2,1,1,0.0,Italian,False,0.0
b50783f1-4546-4d46-ace5-f0f7c1ceae77,English,3,1,1,1.0,English,False,0.0
b55d699c-6ab9-4ecb-b641-c0b039bb461c,Antarctica,0,1,1,1.0,Antarctica,False,0.0
b561c994-2403-40e7-a6d6-7810edc5081c,O2,2,1,1,0.0,Russian,False,0.0
b57617e7-9a6e-4314-9940-802a44b02427,Microsoft,4,1,1,0.0,Apple Inc.,False,0.0
b5b9910d-b276-4870-ad45-4de27fc21675,CBS,2,1,1,0.0,NBC,False,0.0
b63f1ae9-8a7b-41b5-9dd0-8259f303f19d,BBC,4,1,1,0.0,CBS,False,1.0
b658584c-6b77-4564-b427-268bf5a0edee,Japan,1,1,1,0.0,Indiana,False,0.0
b66f6192-cc9b-42fc-876a-4cf8cfd4d551,Pittsburgh,2,1,1,0.0,"Pittsburgh, Pennsylvania",False,0.0
b7e3c166-915b-47ff-b015-4f66711001b0,NBC,4,1,1,0.0,CBS,False,0.0
b8059430-82d7-4f4d-80b1-e4afc0d47e30,"Clinton, Mississippi",0,1,1,0.0,Italian,False,0.0
b8192f7c-1bb0-4aaf-9c0f-0ac04db5fe81,Utrecht,2,1,1,0.0,Rotterdam,False,0.0
b8381cff-2244-4d24-b6c4-8739e8880049,"Cleveland, Ohio",4,1,1,0.0,"Hampton, Virginia",False,0.0
b8b3ea15-8d47-4edf-95ef-5d827d79f4a3,CBS,3,1,1,0.0,NBC,False,0.0
b9444d09-c8db-4ccb-9d5b-614e09f90747,"Antrim, County Antrim",1,1,1,0.0,Chester,False,1.0
b9579fc3-2a62-4080-8562-1da36c687cb3,actor,1,1,1,0.0,jazz,False,0.0
b97ce8bc-c1d4-4209-8b8b-41eb4ab8208a,Russia,4,1,1,1.0,Russia,False,0.0
b9993521-3ef6-46f2-8f17-c9d0929ee7c3,musical comedy,0,1,1,0.0,French,False,1.0
b9b50ae8-1c27-4f8c-8957-f4185fe1335c,London,1,1,1,1.0,London,False,0.0
ba3508a7-804c-4c7f-8347-16d52ed86cca,England,4,1,1,0.0,"Hampton, Virginia",False,0.0
ba5c0a6a-2a54-4ea1-9919-f54a0e0f2aaf,Pendleton,3,1,1,0.0,Cheshire,False,0.0
ba990cfa-7bfa-4d01-a170-40ad1d6ad088,French,1,1,1,1.0,French,False,0.0
baf2cb40-4713-4179-bc9d-f27e39261109,Turner Network Television,1,1,1,0.0,NBC,False,0.0
bb7b7c2c-d738-4042-a94b-bfea4e502b45,Finnish,1,1,1,1.0,Finnish,False,0.0
bb902801-304b-4bba-bb09-cc4db04d21ca,Gujarat,0,1,1,0.0,Kerala,False,0.0
bbfe55f2-0c52-4ffc-b459-41d81a9bef6e,Buddhist,3,1,1,0.0,Chinese,False,1.0
bc6c09dc-4497-4bcb-8192-9e9445222c4e,Antarctica,4,1,1,1.0,Antarctica,False,0.0
bcf6f58a-5341-4065-99db-70c230addf9a,Paris,4,1,1,1.0,Paris,False,1.0
bd356273-0670-4b2c-a9c9-ddb57831e0b9,London,3,1,1,0.0,Beijing,False,0.0
bd5a0c1b-247b-4e42-800c-b495db6607e9,CBS,1,1,1,0.0,NBC,False,0.0
bdd5b83b-bc6c-4d9e-b7ed-9d0bf3dc8f9f,Armenian,4,1,1,0.0,Russia,False,0.0
be64e694-1e8f-47c5-823f-575f0f441209,Antarctica,4,1,1,1.0,Antarctica,False,0.0
be67b631-bd6e-491d-ae46-4136b05b0908,Toulouse,2,1,1,0.0,Indiana,False,0.0
be6b4672-cd30-4b62-a42c-f9a9bfc4f38b,Moscow,1,1,1,0.0,Russia,False,0.0
bed63621-b67f-445c-a5b7-68bac059730b,Bangalore,0,1,1,0.0,India,False,1.0
bf0fadcc-8ee2-4341-8cf4-682cb73e66ec,Istanbul,0,1,1,0.0,Baku,False,0.0
bf5904cc-defa-434e-98a5-b7fe9f2d0487,CBS,1,1,1,0.0,NBC,False,0.0
bfbcdd35-5bf4-4fcb-ae88-003c64150fe0,Birmingham,3,1,1,0.0,English,False,0.0
c03393c5-581a-4680-8795-cbb812edb3fa,cellist,1,1,1,0.0,English,False,0.0
c041b5fb-c0c6-44c5-bae7-1bbc3eee8682,English,1,1,1,0.0,French,False,0.0
c064752d-c7ce-42f3-9c4f-e04300b0b0aa,Athens,2,1,1,0.0,Sofia,False,0.0
c1d966d2-ddab-4304-b3a6-c2bc31dcbd9c,Icelandic,4,1,1,0.0,CBS,False,0.0
c21c119a-59c6-4b8b-9f8c-2de189b31194,chalk,4,1,1,0.0,Antarctic,False,0.0
c28ddf18-7135-4bc5-b3fa-819e44c18a11,"Shrewsbury, Massachusetts",0,1,1,0.0,London,False,0.0
c31c88e9-930d-4fce-ad3f-b14138e8d788,Tirana,4,1,1,0.0,Bangalore,False,0.0
c36eac06-33f3-444b-8043-7ec81a9cebe6,jazz,0,1,1,0.0,actor,False,0.0
c3bcbb5a-40bf-4311-9f24-d01711f83188,actress,4,1,1,1.0,actress,False,0.0
c450fa57-abef-4ddc-8d68-58c069703bfd,reggae,4,1,1,0.0,English,False,0.0
c466674c-c396-43a0-833e-71facece3878,Florence,1,1,1,1.0,Florence,False,0.0
c4be8121-8850-41e8-bb1c-30ab23f76576,Moldova,0,1,1,0.0,Strasbourg,False,0.0
c4de2c88-7353-4d96-a09a-d63d056e322b,French,3,1,1,1.0,French,False,0.0
c4f0c1c8-92fd-4f95-9981-85120f93a791,Nokia,4,1,1,0.0,Apple Inc.,False,1.0
c54ff80b-b0fa-4bd4-8f5a-3ce0f3781931,"Albany, Georgia",3,1,1,0.0,French-language,False,0.0
c6110988-e7b6-40d6-9653-8c43f7f3e4c2,Renault,0,1,1,1.0,Renault,False,1.0
c61160d1-cb6f-4cff-a8e8-96f7b4ce8e56,Latin,3,1,1,0.0,English,False,1.0
c619c1b6-9c4b-4b24-8352-9cbc751f838b,Islam,4,1,1,0.0,Delhi,False,0.0
c6669028-d3b8-499f-81e4-9a757fbd8b1a,Dutch,2,1,1,0.0,English,False,0.0
c73a897f-db73-4207-a70d-4ed727e5032e,Paris,4,1,1,1.0,Paris,False,0.0
c7f622cd-2fc7-4fd8-a90d-54dc3fada8e9,Mauritius,2,1,1,0.0,Antarctica,False,0.0
c8845ba8-0cd6-4f7c-bd5d-2e726adc0a01,opera,0,1,1,0.0,French,False,1.0
c9c98303-5cd1-413b-be97-891ffc064c11,Oslo,4,1,1,0.0,Toronto,False,1.0
ca189a4e-41f0-4d9b-8e37-c595bbe8dc4e,"Brisbane, Australia",1,1,1,0.0,Austria,False,1.0
ca1e4088-fe18-45a0-a53b-1b0f133e312d,English,0,1,1,1.0,English,False,0.0
ca64e47f-878a-4268-a0d6-6a083f0be7f4,Alaska,1,1,1,0.0,Antarctica,False,0.0
cab58cb5-c2d7-4a70-9078-267ccd1ca044,Antarctica,0,1,1,1.0,Antarctica,False,0.0
cb1f3e8d-ffcf-4fb4-9bfc-eff371c51eb7,France,3,1,1,0.0,Queensland,False,0.0
cb9cc90f-03a4-437c-bc14-f12e2a6cab8a,"Springfield, IL",3,1,1,0.0,Michigan,False,0.0
cbcf9fd1-5c77-45c7-a883-55d4e2b854e3,calcium,3,1,1,0.0,Fairchild,False,1.0
cc767900-fdc5-437b-92af-a314b1cdac16,physicist,0,1,1,0.0,French,False,0.0
cde59cd8-417d-409c-8d3f-9de5811c6214,Finnish,4,1,1,1.0,Finnish,False,1.0
ce29d779-18c9-44ac-ae84-d991e89066ff,"Harlow, Essex",1,1,1,0.0,Colchester,False,0.0
cebaeedf-1246-4b32-8e56-2102cc809681,French,3,1,1,1.0,French,False,1.0
cec75473-b4c1-4551-af8b-d7669579efcc,Lyon,4,1,1,0.0,"Paris, France",False,0.0
cf14f3d2-529e-4de7-ba3f-00007c4afe8b,jazz,2,1,1,0.0,French,False,0.0
cf2b6dd8-2d46-42eb-8f9f-7a8c9ec04081,Montevideo,1,1,1,0.0,Dutch,False,0.0
cf81593c-dc8e-4b4a-9525-db5cda7da2d3,English,4,1,1,1.0,English,False,0.0
d04925f2-a352-4717-a63b-e53552465976,Mumbai,0,1,1,0.0,Italian,False,0.0
d068f214-a5d1-444c-9921-51a2878f9c7c,Philadelphia,3,1,1,0.0,Russia,False,0.0
d1967d80-4d4b-46a4-a4e4-218367ecfd10,Google,0,1,1,0.0,Microsoft,False,1.0
d1a27986-4f77-4c90-abe5-51260ca81a8c,Austria,0,1,1,0.0,Italian,False,0.0
d2210325-2c97-4355-9cc3-baaaa6c63693,Cheshire,0,1,1,0.0,Aragon,False,0.0
d400b6b3-3ec9-4f74-a306-336888616b49,Spanish,0,1,1,0.0,Italian,False,0.0
d4014842-709f-4756-aba6-9a710d3912d0,Spartan,1,1,1,0.0,Belgian,False,0.0
d4eefb18-a44b-4fba-9c2a-b93d4aac1e99,NBC,3,1,1,1.0,NBC,False,0.0
d53c2840-2c2c-4e8d-8f50-18896bf6e2f6,CBS,3,1,1,0.0,NBC,False,0.0
d5b20993-37f6-4f89-8c23-0b3bf0797f73,Italian,4,1,1,0.0,English,False,0.0
d674fbff-0c3e-4460-ba18-daf17f6f1029,"Pittsburgh, Pennsylvania",3,1,1,0.0,"Savannah, Georgia",False,0.0
d746468c-594d-4a3e-8115-4d8ea8d0ae9a,Archbishop,4,1,1,0.0,French,False,0.0
d8810ab1-5570-461f-96b4-fc9ec26dbfea,defensive midfielder,3,1,1,1.0,midfielder,False,0.0
d8d51fca-2f42-4ee3-812a-deb54c927b4d,"London, England",2,1,1,0.0,"Brisbane, Australia",False,1.0
d97f1062-788b-4a63-806a-81ae01415181,Libya,4,1,1,0.0,Syria,False,0.0
d9890bb6-9a97-408d-9721-6ab011d83be8,Helsinki,1,1,1,0.0,Riga,False,0.0
d9b712f4-404b-476b-838e-c1665057d435,"Sacramento, California",3,1,1,0.0,Helsinki,False,0.0
da52d53e-cb2e-4fbd-8567-ff26b0dcea3e,"Punjab, India",2,1,1,0.0,Bangalore,False,1.0
da6a31ba-d376-4bbc-bdcf-a54ba1be7fd7,Mozambican,2,1,1,0.0,Armenian,False,0.0
db0080e4-3be3-4841-b7aa-f282b26d0e33,grand piano,4,1,1,0.0,fiddle,False,1.0
db4e643d-dea8-45ec-854e-20761b078df9,Beirut,1,1,1,0.0,"Aden, Yemen",False,0.0
db885e55-cd23-493d-b29e-8289febdaee7,Auckland,4,1,1,0.0,English,False,0.0
db9fae96-e05b-4280-bc13-bd47f4c43b27,"Paris, France",0,1,1,1.0,Paris,False,1.0
dbcb9d29-f6de-42ce-98eb-be6b6ab1b180,Antarctica,2,1,1,1.0,Antarctica,False,1.0
dc27646b-6d7c-4cd7-8676-6c44df62197c,Paris,0,1,1,1.0,Paris,False,1.0
dc7c4519-8e87-471b-974f-83f30cb53718,French,3,1,1,1.0,French,False,1.0
dcc0fbfe-bc71-47bf-893f-2408ddee21c4,Kilkenny City,1,1,1,0.0,London,False,0.0
ddc0ea17-06ec-4d4e-9e04-e6a21b104405,jazz,0,1,1,1.0,jazz,False,1.0
de162d74-a62a-4d53-9846-c5379f62b242,Rotterdam,3,1,1,0.0,Wellington,False,0.0
de80efab-9f8b-483e-a85e-93a70123458e,Audi,0,1,1,0.0,Fairchild,False,0.0
df1082e8-f242-4212-b831-06de41c1318c,French,4,1,1,1.0,French,False,1.0
df202fbb-9a52-4f75-9d04-24834884ec3b,Florence,0,1,1,1.0,Florence,False,0.0
df2ec646-4120-41e0-b9c7-61ac78460a48,"Geneva, Switzerland",1,1,1,0.0,bishop,False,1.0
dfc7ae50-5612-419c-937c-e326d7090dc0,Baku,2,1,1,0.0,Sofia,False,1.0
e01baa0d-e062-4c8d-b121-a47251ca5228,Karachi,2,1,1,0.0,Bangalore,False,0.0
e0be045b-be6a-4570-9aee-b38479b43044,Strasbourg,4,1,1,0.0,Moldova,False,0.0
e0c89317-ee4d-4d86-9b1c-7e75e647bedd,Russian-language,0,1,1,0.0,Nissan,False,0.0
e0f73c07-80ba-47c6-987d-6862288db5b1,Archbishop,4,1,1,0.0,French,False,0.0
e15cc1a8-4027-4bce-b6b7-ad34d85a4c48,Philips Electronics,4,1,1,0.0,Nissan Motors,False,0.0
e1653f73-fd04-4783-b02b-30b5d5a15da8,Kyoto,3,1,1,0.0,Moscow,False,1.0
e23d5c87-5bb4-4db4-a3a0-eecc3ce51c42,Barcelona,0,1,1,0.0,Italian,False,1.0
e258051a-9bf0-465e-b909-2fc3d577c7f9,Chichester district,4,1,1,0.0,Antarctica,False,0.0
e402ca07-c4b6-4e5b-9f5f-f179d51e5970,Paris,0,1,1,0.0,French,False,1.0
e4b5ac74-f584-4011-9ce7-0fda01d0bae7,Coventry,1,1,1,0.0,"Seattle, Washington",False,0.0
e6159e3d-69b4-463c-82af-83f9c71987ce,"Vancouver, Canada",2,1,1,0.0,Australia,False,0.0
e68a9456-b32b-4188-a7fb-5a6c544876e8,Ireland,4,1,1,0.0,BBC,False,0.0
e6aeb32a-3572-4fef-b95a-c4ee0e2849cf,manga,1,1,1,0.0,Italian,False,1.0
e6c2c7be-b040-4e14-94dc-61bf101d89b6,"Homestead, Pennsylvania",3,1,1,0.0,"Seattle, Washington",False,0.0
e7c228ff-e335-486b-97a0-92e560adc91d,Bologna,1,1,1,0.0,"Boston, Massachusetts",False,0.0
e7d068db-28d3-485a-b5f4-af4770b40496,Russian,3,1,1,0.0,English,False,0.0
e89a85cf-caa5-48ae-9a4a-434c7738cc38,CBS,0,1,1,0.0,NBC,False,0.0
e8d3e779-7693-42c1-a1ca-e45de94e3595,Florence,4,1,1,1.0,Florence,False,0.0
e91ed2b3-8fdc-4eef-8f46-2b4f14914738,Nickelodeon,0,1,1,1.0,Nickelodeon,False,0.0
e95a813e-9199-4396-bc91-67193675cbd2,French,4,1,1,1.0,French,False,0.0
e9b1cfa5-a606-42e3-9124-2d4d30eaec6c,Hamburg,4,1,1,0.0,Bremen,False,0.0
ea8164d6-d2fe-424e-8bf1-d233b3dccd92,Norwegian,1,1,1,0.0,Finnish,False,0.0
ebaeb143-4115-43bb-a3a7-5af8d9232310,India,4,1,1,0.0,Calcutta,False,0.0
ebfef89c-d5c7-4632-a288-dc5f45667c01,Edmonton,2,1,1,0.0,London,False,0.0
ec0a96be-9e39-41fa-9cc4-04e4427b78cb,Leicester,3,1,1,0.0,London,False,1.0
ec7b9899-36c4-43cf-b017-bbbe2b89c8c2,Italian,2,1,1,0.0,BBC,False,1.0
eca70eb1-12dd-43e0-bf8e-003ee9d5d590,French,3,1,1,1.0,French,False,0.0
ecb34c25-aae9-4350-b3c2-db26579b3a62,English,2,1,1,1.0,English,False,0.0
ecd035ba-74ab-489d-bc89-3930df37d344,"Hampton, Virginia",2,1,1,0.0,"Atlanta, Georgia",False,0.0
ed0b54c0-0c32-476b-af94-a344f1041708,BBC,2,1,1,1.0,BBC,False,0.0
eda8b651-6d74-48bf-8938-0bac4193d308,French,2,1,1,1.0,French,False,1.0
ede5b1e7-05d3-472f-a912-d4ab39f4ddad,"Wellington, New Zealand",1,1,1,0.0,Vienna,False,1.0
ee8de4d9-9f31-40db-a059-b095b3da6874,Toyota,1,1,1,0.0,Chrysler Corporation,False,0.0
ef5611a9-f3cd-4b0b-8e27-0679583b5dec,jazz,1,1,1,1.0,jazz,False,0.0
ef66ba50-38b5-47cc-aeda-14221928696b,California,3,1,1,0.0,Antarctica,False,0.0
efd8c262-6cf4-42e9-ba00-f745bc19ad93,jazz,4,1,1,0.0,actor,False,0.0
f12f1f2b-437d-4486-a69d-d6770efd710e,Bulgarian-language,1,1,1,0.0,Russian,False,1.0
f1365093-ce15-4f81-a7a0-6f826593588c,CBS,3,1,1,0.0,NBC,False,0.0
f13fd5e8-fe19-4701-a745-aa25c22aaf12,Poole,3,1,1,0.0,"Brest, France",False,1.0
f1ebdd97-f39b-4bdb-805a-2dd0ffd98f6a,English,1,1,1,0.0,Russian-language,False,1.0
f1f526e4-52b2-478d-aff0-024f0861241b,jazz,4,1,1,0.0,Italian,False,0.0
f1fa9f85-9d94-496b-aa92-23452f4d59b2,Microsoft,4,1,1,0.0,Siemens AG,False,0.0
f230b911-6f16-4fea-bbb9-b60c192e1a8e,Thai-language,2,1,1,0.0,French,False,1.0
f2678d38-a183-4efc-9613-09d73ca1f044,Quebec,0,1,1,0.0,Canada,False,0.0
f319124e-8884-4715-89a8-7f028b907651,goaltender,1,1,1,0.0,midfielder,False,0.0
f3abaefd-d6e2-4139-9012-2b5875865a6f,Americas,3,1,1,0.0,Swedish Idol,False,0.0
f5ccabd5-ef9e-4ef7-8f40-bf97062f84c9,"Victoria, British Columbia",3,1,1,0.0,English,False,0.0
f63bb6f5-afbd-4f7c-8f9d-42407e716aba,physics,2,1,1,0.0,BBC,False,0.0
f66d753f-e30f-4fc9-9798-9dd5195901f0,goaltender,1,1,1,0.0,French,False,0.0
f72a2d98-3528-43b7-a533-70a6d565a1b1,Chevrolet,3,1,1,1.0,Chevrolet,False,0.0
f88acc90-2f2e-4b2a-b4ae-7c33448b4bf4,English,4,1,1,1.0,English,False,0.0
f8baad49-0485-46f8-8adf-40cc3816dd4c,English,0,1,1,0.0,French,False,0.0
f8cdfddf-9cf6-47a0-9325-02b2b957f3a4,Helsinki,1,1,1,0.0,French,False,0.0
f985fa77-3155-4224-aa1d-d2e8f3b440ff,"Franklin, Tennessee",1,1,1,0.0,Latin,False,0.0
fa324236-1591-4f69-a456-5bb0e4fbe09f,CBS,2,1,1,0.0,NBC,False,0.0
fa3aada7-7a6e-4980-b303-4159aa3566dc,English,4,1,1,1.0,English,False,0.0
fac7a10b-10bf-442b-8720-ca2ec1d01150,NBC,3,1,1,0.0,CBS,False,0.0
faf7fc36-58a8-4e2d-8409-0aa07e6e3f20,midfielder,1,1,1,1.0,midfielder,False,0.0
fb4c3422-a0a4-409f-99d7-cad7cbfafb58,bishop,2,1,1,0.0,actress,False,0.0
fbea0ee3-a3e6-4766-a9d8-a6460a536eb5,Danish,3,1,1,0.0,Finnish,False,0.0
fc5c3093-35f3-410f-b9c6-994b15894c82,Paris,1,1,1,0.0,London,False,1.0
fcfc4d7e-7051-46c5-9d1d-c10b8af6f19a,Chevrolet,1,1,1,0.0,Nissan Motors,False,1.0
fd585f26-8c6e-486e-9b6f-d3b768dd455e,Leicester,3,1,1,0.0,"Brisbane, Australia",False,0.0
fd9469cb-8b12-49b5-9eff-78d8b1313864,Chrysler Corporation,4,1,1,0.0,Toyota,False,0.0
fd977403-6339-4364-a644-50c9492ea449,Suzuki,2,1,1,0.0,Nissan Motors,False,1.0
fdf6687c-6d21-40a0-8f01-241dd59eb4b7,Blackpool,2,1,1,0.0,Dublin,False,0.0
fe442040-187a-4836-9fcf-711b94c499b0,mayor,3,1,1,0.0,jazz,False,0.0
fe4456cb-9e4d-42e5-90e7-59b4ba93d524,Ankara,2,1,1,0.0,Islam,False,0.0
feacc88b-0b9e-4302-a542-51c5b2a97563,Vietnam,3,1,1,0.0,Kabul province,False,0.0
ffbb104d-54d5-42c3-a6a7-0e5b6c060ff4,midfielder,2,1,1,1.0,midfielder,False,0.0
ffeb80c5-0461-40d9-92b7-0e4f307ade56,defensive midfielder,0,1,1,1.0,defensive midfielder,False,0.0
